Date,Steps,Gym,Diet,Breath Work,Reading
01-Oct-26,,,,,
02-Oct-26,,,,,
03-Oct-26,,,,,
04-Oct-26,,,,,
05-Oct-26,,,,,
06-Oct-26,,,,,
07-Oct-26,,,,,
08-Oct-26,,,,,
09-Oct-26,,,,,
10-Oct-26,,,,,
11-Oct-26,,,,,
12-Oct-26,,,,,
13-Oct-26,,,,,
14-Oct-26,,,,,
15-Oct-26,,,,,
16-Oct-26,,,,,
17-Oct-26,,,,,
18-Oct-26,,,,,
19-Oct-26,,,,,
20-Oct-26,,,,,
21-Oct-26,,,,,
22-Oct-26,,,,,
23-Oct-26,,,,,
24-Oct-26,,,,,
25-Oct-26,,,,,
26-Oct-26,,,,,
27-Oct-26,,,,,
28-Oct-26,,,,,
29-Oct-26,,,,,
30-Oct-26,,,,,
